accuracy	precision	recall	specificity	f1_score
0.9644886363636364	0.56	0.5	0.9837278106508875	0.5283018867924528
