accuracy	precision	recall	specificity	f1_score
0.9659090909090909	0.5588235294117647	0.6785714285714286	0.977810650887574	0.6129032258064516
