accuracy	precision	recall	specificity	f1_score
0.9630681818181818	0.5333333333333333	0.5714285714285714	0.9792899408284024	0.5517241379310345
