threshold	accuracy	precision	recall	specificity	f1_score
3	0.9659090909090909	0.5588235294117647	0.6785714285714286	0.977810650887574	0.6129032258064516
4	0.9630681818181818	0.5333333333333333	0.5714285714285714	0.9792899408284024	0.5517241379310345
5	0.9644886363636364	0.56	0.5	0.9837278106508875	0.5283018867924528
