threshold	accuracy	precision	recall	specificity	f1_score
3	0.9616477272727273	0.5128205128205128	0.7142857142857143	0.9718934911242604	0.5970149253731343
4	0.9630681818181818	0.5277777777777778	0.6785714285714286	0.9748520710059172	0.59375
5	0.9673295454545454	0.5806451612903226	0.6428571428571429	0.9807692307692307	0.6101694915254238
