accuracy	precision	recall	specificity	f1_score
0.9630681818181818	0.5277777777777778	0.6785714285714286	0.9748520710059172	0.59375
