accuracy	precision	recall	specificity	f1_score
0.9616477272727273	0.5128205128205128	0.7142857142857143	0.9718934911242604	0.5970149253731343
