accuracy	precision	recall	specificity	f1_score
0.9673295454545454	0.5806451612903226	0.6428571428571429	0.9807692307692307	0.6101694915254238
