accuracy	precision	recall	specificity	f1_score
0.4230769230769231	0.10596026490066225	1.0	0.38073394495412843	0.19161676646706588
