accuracy	precision	recall	specificity	f1_score
0.6837606837606838	0.15476190476190477	0.8125	0.6743119266055045	0.26
