threshold	accuracy	precision	recall	specificity	f1_score
3	0.4230769230769231	0.10596026490066225	1.0	0.38073394495412843	0.19161676646706588
4	0.5299145299145299	0.12096774193548387	0.9375	0.5	0.21428571428571427
5	0.6837606837606838	0.15476190476190477	0.8125	0.6743119266055045	0.26
