accuracy	precision	recall	specificity	f1_score
0.5299145299145299	0.12096774193548387	0.9375	0.5	0.21428571428571427
