threshold	accuracy	precision	recall	specificity	f1_score
3	0.9346590909090909	0.359375	0.8214285714285714	0.9393491124260355	0.5
4	0.953125	0.4444444444444444	0.7142857142857143	0.9630177514792899	0.547945205479452
5	0.9573863636363636	0.47058823529411764	0.5714285714285714	0.9733727810650887	0.5161290322580645
