accuracy	precision	recall	specificity	f1_score
0.9346590909090909	0.359375	0.8214285714285714	0.9393491124260355	0.5
