accuracy	precision	recall	specificity	f1_score
0.953125	0.4444444444444444	0.7142857142857143	0.9630177514792899	0.547945205479452
