accuracy	precision	recall	specificity	f1_score
0.9573863636363636	0.47058823529411764	0.5714285714285714	0.9733727810650887	0.5161290322580645
