accuracy	precision	recall	specificity	f1_score
0.9573863636363636	0.48148148148148145	0.9285714285714286	0.9585798816568047	0.6341463414634146
