accuracy	precision	recall	specificity	f1_score
0.9474431818181818	0.4262295081967213	0.9285714285714286	0.9482248520710059	0.5842696629213483
