accuracy	precision	recall	specificity	f1_score
0.9630681818181818	0.5227272727272727	0.8214285714285714	0.9689349112426036	0.6388888888888888
