threshold	accuracy	precision	recall	specificity	f1_score
3	0.9474431818181818	0.4262295081967213	0.9285714285714286	0.9482248520710059	0.5842696629213483
4	0.9573863636363636	0.48148148148148145	0.9285714285714286	0.9585798816568047	0.6341463414634146
5	0.9630681818181818	0.5227272727272727	0.8214285714285714	0.9689349112426036	0.6388888888888888
