accuracy	precision	recall	specificity	f1_score
0.9715909090909091	0.6666666666666666	0.5714285714285714	0.9881656804733728	0.6153846153846154
