accuracy	precision	recall	specificity	f1_score
0.9659090909090909	0.5714285714285714	0.5714285714285714	0.9822485207100592	0.5714285714285714
