threshold	accuracy	precision	recall	specificity	f1_score
3	0.9673295454545454	0.5862068965517241	0.6071428571428571	0.9822485207100592	0.5964912280701754
4	0.9659090909090909	0.5714285714285714	0.5714285714285714	0.9822485207100592	0.5714285714285714
5	0.9715909090909091	0.6666666666666666	0.5714285714285714	0.9881656804733728	0.6153846153846154
