accuracy	precision	recall	specificity	f1_score
0.9673295454545454	0.5862068965517241	0.6071428571428571	0.9822485207100592	0.5964912280701754
