accuracy	precision	recall	specificity	f1_score
0.9017094017094017	0.34782608695652173	0.5	0.9311926605504587	0.41025641025641024
