accuracy	precision	recall	specificity	f1_score
0.8760683760683761	0.2903225806451613	0.5625	0.8990825688073395	0.3829787234042553
