threshold	accuracy	precision	recall	specificity	f1_score
3	0.8504273504273504	0.24324324324324326	0.5625	0.8715596330275229	0.33962264150943394
4	0.8760683760683761	0.2903225806451613	0.5625	0.8990825688073395	0.3829787234042553
5	0.9017094017094017	0.34782608695652173	0.5	0.9311926605504587	0.41025641025641024
