accuracy	precision	recall	specificity	f1_score
0.8504273504273504	0.24324324324324326	0.5625	0.8715596330275229	0.33962264150943394
