accuracy	precision	recall	specificity	f1_score
0.9401709401709402	0.5714285714285714	0.5	0.9724770642201835	0.5333333333333333
