accuracy	precision	recall	specificity	f1_score
0.9444444444444444	0.6153846153846154	0.5	0.9770642201834863	0.5517241379310345
