threshold	accuracy	precision	recall	specificity	f1_score
3	0.9316239316239316	0.5	0.5	0.963302752293578	0.5
4	0.9401709401709402	0.5714285714285714	0.5	0.9724770642201835	0.5333333333333333
5	0.9444444444444444	0.6153846153846154	0.5	0.9770642201834863	0.5517241379310345
