accuracy	precision	recall	specificity	f1_score
0.9316239316239316	0.5	0.5	0.963302752293578	0.5
