threshold	accuracy	precision	recall	specificity	f1_score
3	0.9204545454545454	0.32926829268292684	0.9642857142857143	0.9186390532544378	0.4909090909090909
4	0.9360795454545454	0.38028169014084506	0.9642857142857143	0.9349112426035503	0.5454545454545454
5	0.9474431818181818	0.41509433962264153	0.7857142857142857	0.9541420118343196	0.5432098765432098
