accuracy	precision	recall	specificity	f1_score
0.9474431818181818	0.41509433962264153	0.7857142857142857	0.9541420118343196	0.5432098765432098
