accuracy	precision	recall	specificity	f1_score
0.9204545454545454	0.32926829268292684	0.9642857142857143	0.9186390532544378	0.4909090909090909
