accuracy	precision	recall	specificity	f1_score
0.9360795454545454	0.38028169014084506	0.9642857142857143	0.9349112426035503	0.5454545454545454
