threshold	accuracy	precision	recall	specificity	f1_score
3	0.8034188034188035	0.2413793103448276	0.875	0.7981651376146789	0.3783783783783784
4	0.8247863247863247	0.2641509433962264	0.875	0.8211009174311926	0.4057971014492754
5	0.8376068376068376	0.2608695652173913	0.75	0.8440366972477065	0.3870967741935484
