accuracy	precision	recall	specificity	f1_score
0.8376068376068376	0.2608695652173913	0.75	0.8440366972477065	0.3870967741935484
