accuracy	precision	recall	specificity	f1_score
0.8247863247863247	0.2641509433962264	0.875	0.8211009174311926	0.4057971014492754
