accuracy	precision	recall	specificity	f1_score
0.8034188034188035	0.2413793103448276	0.875	0.7981651376146789	0.3783783783783784
