accuracy	precision	recall	specificity	f1_score
0.9541577825159915	0.5076923076923077	0.75	0.9642058165548099	0.6055045871559633
