accuracy	precision	recall	specificity	f1_score
0.9424307036247335	0.43902439024390244	0.8181818181818182	0.9485458612975392	0.5714285714285714
