threshold	accuracy	precision	recall	specificity	f1_score
3	0.9328358208955224	0.4	0.8636363636363636	0.9362416107382551	0.5467625899280576
4	0.9424307036247335	0.43902439024390244	0.8181818181818182	0.9485458612975392	0.5714285714285714
5	0.9541577825159915	0.5076923076923077	0.75	0.9642058165548099	0.6055045871559633
