accuracy	precision	recall	specificity	f1_score
0.9328358208955224	0.4	0.8636363636363636	0.9362416107382551	0.5467625899280576
