accuracy	precision	recall	specificity	f1_score
0.9316239316239316	0.5	0.4375	0.9678899082568807	0.4666666666666667
