accuracy	precision	recall	specificity	f1_score
0.8675213675213675	0.2857142857142857	0.625	0.8853211009174312	0.39215686274509803
