threshold	accuracy	precision	recall	specificity	f1_score
3	0.8675213675213675	0.2857142857142857	0.625	0.8853211009174312	0.39215686274509803
4	0.9188034188034188	0.43478260869565216	0.625	0.9403669724770642	0.5128205128205128
5	0.9316239316239316	0.5	0.4375	0.9678899082568807	0.4666666666666667
