accuracy	precision	recall	specificity	f1_score
0.9188034188034188	0.43478260869565216	0.625	0.9403669724770642	0.5128205128205128
