accuracy	precision	recall	specificity	f1_score
0.9017094017094017	0.3939393939393939	0.8125	0.908256880733945	0.5306122448979592
