threshold	accuracy	precision	recall	specificity	f1_score
3	0.9017094017094017	0.3939393939393939	0.8125	0.908256880733945	0.5306122448979592
4	0.9017094017094017	0.3939393939393939	0.8125	0.908256880733945	0.5306122448979592
5	0.9230769230769231	0.4642857142857143	0.8125	0.9311926605504587	0.5909090909090909
