accuracy	precision	recall	specificity	f1_score
0.9230769230769231	0.4642857142857143	0.8125	0.9311926605504587	0.5909090909090909
