accuracy	precision	recall	specificity	f1_score
0.9188034188034188	0.4117647058823529	0.4375	0.9541284403669725	0.42424242424242425
