accuracy	precision	recall	specificity	f1_score
0.9273504273504274	0.4666666666666667	0.4375	0.963302752293578	0.45161290322580644
