accuracy	precision	recall	specificity	f1_score
0.905982905982906	0.35	0.4375	0.9403669724770642	0.3888888888888889
