threshold	accuracy	precision	recall	specificity	f1_score
3	0.905982905982906	0.35	0.4375	0.9403669724770642	0.3888888888888889
4	0.9188034188034188	0.4117647058823529	0.4375	0.9541284403669725	0.42424242424242425
5	0.9273504273504274	0.4666666666666667	0.4375	0.963302752293578	0.45161290322580644
