accuracy	precision	recall	specificity	f1_score
0.9530916844349681	0.5	0.6590909090909091	0.9675615212527964	0.5686274509803921
