accuracy	precision	recall	specificity	f1_score
0.9488272921108742	0.46875	0.6818181818181818	0.9619686800894854	0.5555555555555556
