threshold	accuracy	precision	recall	specificity	f1_score
3	0.9488272921108742	0.46875	0.6818181818181818	0.9619686800894854	0.5555555555555556
4	0.9530916844349681	0.5	0.6590909090909091	0.9675615212527964	0.5686274509803921
5	0.9584221748400853	0.5490196078431373	0.6363636363636364	0.9742729306487695	0.5894736842105263
