accuracy	precision	recall	specificity	f1_score
0.9584221748400853	0.5490196078431373	0.6363636363636364	0.9742729306487695	0.5894736842105263
