accuracy	precision	recall	specificity	f1_score
0.9616477272727273	0.5151515151515151	0.6071428571428571	0.9763313609467456	0.5573770491803278
