accuracy	precision	recall	specificity	f1_score
0.9360795454545454	0.34545454545454546	0.6785714285714286	0.9467455621301775	0.4578313253012048
