accuracy	precision	recall	specificity	f1_score
0.9644886363636364	0.5714285714285714	0.42857142857142855	0.9866863905325444	0.4897959183673469
