threshold	accuracy	precision	recall	specificity	f1_score
3	0.9360795454545454	0.34545454545454546	0.6785714285714286	0.9467455621301775	0.4578313253012048
4	0.9616477272727273	0.5151515151515151	0.6071428571428571	0.9763313609467456	0.5573770491803278
5	0.9644886363636364	0.5714285714285714	0.42857142857142855	0.9866863905325444	0.4897959183673469
