accuracy	precision	recall	specificity	f1_score
0.9446022727272727	0.4153846153846154	0.9642857142857143	0.9437869822485208	0.5806451612903226
