accuracy	precision	recall	specificity	f1_score
0.9289772727272727	0.35526315789473684	0.9642857142857143	0.9275147928994083	0.5192307692307693
