accuracy	precision	recall	specificity	f1_score
0.9545454545454546	0.4642857142857143	0.9285714285714286	0.9556213017751479	0.6190476190476191
