threshold	accuracy	precision	recall	specificity	f1_score
3	0.9289772727272727	0.35526315789473684	0.9642857142857143	0.9275147928994083	0.5192307692307693
4	0.9446022727272727	0.4153846153846154	0.9642857142857143	0.9437869822485208	0.5806451612903226
5	0.9545454545454546	0.4642857142857143	0.9285714285714286	0.9556213017751479	0.6190476190476191
