threshold	accuracy	precision	recall	specificity	f1_score
3	0.9147121535181236	0.330188679245283	0.7954545454545454	0.9205816554809844	0.4666666666666667
4	0.9456289978678039	0.4533333333333333	0.7727272727272727	0.9541387024608501	0.5714285714285714
5	0.9605543710021321	0.5777777777777777	0.5909090909090909	0.9787472035794184	0.5842696629213483
