accuracy	precision	recall	specificity	f1_score
0.9605543710021321	0.5777777777777777	0.5909090909090909	0.9787472035794184	0.5842696629213483
