accuracy	precision	recall	specificity	f1_score
0.9147121535181236	0.330188679245283	0.7954545454545454	0.9205816554809844	0.4666666666666667
