accuracy	precision	recall	specificity	f1_score
0.9456289978678039	0.4533333333333333	0.7727272727272727	0.9541387024608501	0.5714285714285714
