accuracy	precision	recall	specificity	f1_score
0.9349680170575693	0.4065934065934066	0.8409090909090909	0.9395973154362416	0.5481481481481482
