threshold	accuracy	precision	recall	specificity	f1_score
3	0.9349680170575693	0.4065934065934066	0.8409090909090909	0.9395973154362416	0.5481481481481482
4	0.9445628997867804	0.45121951219512196	0.8409090909090909	0.9496644295302014	0.5873015873015873
5	0.9541577825159915	0.5068493150684932	0.8409090909090909	0.959731543624161	0.6324786324786325
