accuracy	precision	recall	specificity	f1_score
0.9445628997867804	0.45121951219512196	0.8409090909090909	0.9496644295302014	0.5873015873015873
