accuracy	precision	recall	specificity	f1_score
0.9541577825159915	0.5068493150684932	0.8409090909090909	0.959731543624161	0.6324786324786325
