accuracy	precision	recall	specificity	f1_score
0.9552238805970149	0.5192307692307693	0.6136363636363636	0.9720357941834452	0.5625
