threshold	accuracy	precision	recall	specificity	f1_score
3	0.9552238805970149	0.5192307692307693	0.6136363636363636	0.9720357941834452	0.5625
4	0.9541577825159915	0.5116279069767442	0.5	0.9765100671140939	0.5057471264367817
5	0.9637526652452025	0.6470588235294118	0.5	0.9865771812080537	0.5641025641025641
