accuracy	precision	recall	specificity	f1_score
0.9541577825159915	0.5116279069767442	0.5	0.9765100671140939	0.5057471264367817
