accuracy	precision	recall	specificity	f1_score
0.9637526652452025	0.6470588235294118	0.5	0.9865771812080537	0.5641025641025641
