accuracy	precision	recall	specificity	f1_score
0.9358974358974359	0.5294117647058824	0.5625	0.963302752293578	0.5454545454545454
