accuracy	precision	recall	specificity	f1_score
0.9316239316239316	0.5	0.75	0.944954128440367	0.6
