threshold	accuracy	precision	recall	specificity	f1_score
3	0.9316239316239316	0.5	0.75	0.944954128440367	0.6
4	0.9444444444444444	0.5789473684210527	0.6875	0.963302752293578	0.6285714285714286
5	0.9358974358974359	0.5294117647058824	0.5625	0.963302752293578	0.5454545454545454
