accuracy	precision	recall	specificity	f1_score
0.9444444444444444	0.5789473684210527	0.6875	0.963302752293578	0.6285714285714286
