threshold	accuracy	precision	recall	specificity	f1_score
3	0.9019189765458422	0.3064516129032258	0.8636363636363636	0.9038031319910514	0.4523809523809524
4	0.9221748400852878	0.3592233009708738	0.8409090909090909	0.9261744966442953	0.5034013605442177
5	0.9424307036247335	0.4358974358974359	0.7727272727272727	0.9507829977628636	0.5573770491803278
