accuracy	precision	recall	specificity	f1_score
0.9019189765458422	0.3064516129032258	0.8636363636363636	0.9038031319910514	0.4523809523809524
