accuracy	precision	recall	specificity	f1_score
0.9424307036247335	0.4358974358974359	0.7727272727272727	0.9507829977628636	0.5573770491803278
