accuracy	precision	recall	specificity	f1_score
0.9221748400852878	0.3592233009708738	0.8409090909090909	0.9261744966442953	0.5034013605442177
