accuracy	precision	recall	specificity	f1_score
0.9630681818181818	0.525	0.75	0.9718934911242604	0.6176470588235294
