threshold	accuracy	precision	recall	specificity	f1_score
3	0.9375	0.3709677419354839	0.8214285714285714	0.9423076923076923	0.5111111111111111
4	0.9630681818181818	0.525	0.75	0.9718934911242604	0.6176470588235294
5	0.9616477272727273	0.5161290322580645	0.5714285714285714	0.977810650887574	0.5423728813559322
