accuracy	precision	recall	specificity	f1_score
0.9375	0.3709677419354839	0.8214285714285714	0.9423076923076923	0.5111111111111111
