accuracy	precision	recall	specificity	f1_score
0.9616477272727273	0.5161290322580645	0.5714285714285714	0.977810650887574	0.5423728813559322
