accuracy	precision	recall	specificity	f1_score
0.917910447761194	0.3486238532110092	0.8636363636363636	0.9205816554809844	0.49673202614379086
