accuracy	precision	recall	specificity	f1_score
0.8987206823027718	0.3082706766917293	0.9318181818181818	0.8970917225950783	0.4632768361581921
