accuracy	precision	recall	specificity	f1_score
0.9392324093816631	0.4235294117647059	0.8181818181818182	0.9451901565995525	0.5581395348837209
