threshold	accuracy	precision	recall	specificity	f1_score
3	0.8987206823027718	0.3082706766917293	0.9318181818181818	0.8970917225950783	0.4632768361581921
4	0.917910447761194	0.3486238532110092	0.8636363636363636	0.9205816554809844	0.49673202614379086
5	0.9392324093816631	0.4235294117647059	0.8181818181818182	0.9451901565995525	0.5581395348837209
