accuracy	precision	recall	specificity	f1_score
0.8589743589743589	0.28205128205128205	0.6875	0.8715596330275229	0.4
