accuracy	precision	recall	specificity	f1_score
0.8675213675213675	0.2972972972972973	0.6875	0.8807339449541285	0.41509433962264153
