accuracy	precision	recall	specificity	f1_score
0.8803418803418803	0.3125	0.625	0.8990825688073395	0.4166666666666667
