threshold	accuracy	precision	recall	specificity	f1_score
3	0.8589743589743589	0.28205128205128205	0.6875	0.8715596330275229	0.4
4	0.8675213675213675	0.2972972972972973	0.6875	0.8807339449541285	0.41509433962264153
5	0.8803418803418803	0.3125	0.625	0.8990825688073395	0.4166666666666667
