accuracy	precision	recall	specificity	f1_score
0.9358974358974359	0.5384615384615384	0.4375	0.9724770642201835	0.4827586206896552
