accuracy	precision	recall	specificity	f1_score
0.905982905982906	0.38461538461538464	0.625	0.926605504587156	0.47619047619047616
