threshold	accuracy	precision	recall	specificity	f1_score
3	0.905982905982906	0.38461538461538464	0.625	0.926605504587156	0.47619047619047616
4	0.9188034188034188	0.42105263157894735	0.5	0.9495412844036697	0.45714285714285713
5	0.9358974358974359	0.5384615384615384	0.4375	0.9724770642201835	0.4827586206896552
