accuracy	precision	recall	specificity	f1_score
0.9188034188034188	0.42105263157894735	0.5	0.9495412844036697	0.45714285714285713
