threshold	accuracy	precision	recall	specificity	f1_score
3	0.8547008547008547	0.29545454545454547	0.8125	0.8577981651376146	0.43333333333333335
4	0.8888888888888888	0.3611111111111111	0.8125	0.8944954128440367	0.5
5	0.905982905982906	0.4	0.75	0.9174311926605505	0.5217391304347826
