accuracy	precision	recall	specificity	f1_score
0.8547008547008547	0.29545454545454547	0.8125	0.8577981651376146	0.43333333333333335
