accuracy	precision	recall	specificity	f1_score
0.905982905982906	0.4	0.75	0.9174311926605505	0.5217391304347826
