accuracy	precision	recall	specificity	f1_score
0.8888888888888888	0.3611111111111111	0.8125	0.8944954128440367	0.5
