accuracy	precision	recall	specificity	f1_score
0.7665245202558635	0.16475095785440613	0.9772727272727273	0.756152125279642	0.2819672131147541
