threshold	accuracy	precision	recall	specificity	f1_score
3	0.5202558635394456	0.08739837398373984	0.9772727272727273	0.49776286353467564	0.16044776119402984
4	0.6460554371002132	0.11497326203208556	0.9772727272727273	0.6297539149888143	0.20574162679425836
5	0.7665245202558635	0.16475095785440613	0.9772727272727273	0.756152125279642	0.2819672131147541
