accuracy	precision	recall	specificity	f1_score
0.6460554371002132	0.11497326203208556	0.9772727272727273	0.6297539149888143	0.20574162679425836
