accuracy	precision	recall	specificity	f1_score
0.5202558635394456	0.08739837398373984	0.9772727272727273	0.49776286353467564	0.16044776119402984
