accuracy	precision	recall	specificity	f1_score
0.9017094017094017	0.36	0.5625	0.926605504587156	0.43902439024390244
