accuracy	precision	recall	specificity	f1_score
0.7478632478632479	0.18840579710144928	0.8125	0.7431192660550459	0.3058823529411765
