threshold	accuracy	precision	recall	specificity	f1_score
3	0.7478632478632479	0.18840579710144928	0.8125	0.7431192660550459	0.3058823529411765
4	0.8376068376068376	0.2608695652173913	0.75	0.8440366972477065	0.3870967741935484
5	0.9017094017094017	0.36	0.5625	0.926605504587156	0.43902439024390244
