accuracy	precision	recall	specificity	f1_score
0.9509594882729211	0.48214285714285715	0.6136363636363636	0.9675615212527964	0.54
