accuracy	precision	recall	specificity	f1_score
0.9530916844349681	0.5	0.4772727272727273	0.9765100671140939	0.4883720930232558
