accuracy	precision	recall	specificity	f1_score
0.9541577825159915	0.5098039215686274	0.5909090909090909	0.9720357941834452	0.5473684210526316
