threshold	accuracy	precision	recall	specificity	f1_score
3	0.9509594882729211	0.48214285714285715	0.6136363636363636	0.9675615212527964	0.54
4	0.9541577825159915	0.5098039215686274	0.5909090909090909	0.9720357941834452	0.5473684210526316
5	0.9530916844349681	0.5	0.4772727272727273	0.9765100671140939	0.4883720930232558
