threshold	accuracy	precision	recall	specificity	f1_score
3	0.9189765458422174	0.35964912280701755	0.9318181818181818	0.9183445190156599	0.5189873417721519
4	0.9317697228144989	0.4	0.9090909090909091	0.9328859060402684	0.5555555555555556
5	0.9434968017057569	0.4470588235294118	0.8636363636363636	0.9474272930648769	0.5891472868217055
