accuracy	precision	recall	specificity	f1_score
0.9434968017057569	0.4470588235294118	0.8636363636363636	0.9474272930648769	0.5891472868217055
