accuracy	precision	recall	specificity	f1_score
0.9317697228144989	0.4	0.9090909090909091	0.9328859060402684	0.5555555555555556
