accuracy	precision	recall	specificity	f1_score
0.9189765458422174	0.35964912280701755	0.9318181818181818	0.9183445190156599	0.5189873417721519
