accuracy	precision	recall	specificity	f1_score
0.9446022727272727	0.4098360655737705	0.8928571428571429	0.9467455621301775	0.5617977528089888
