threshold	accuracy	precision	recall	specificity	f1_score
3	0.9446022727272727	0.4098360655737705	0.8928571428571429	0.9467455621301775	0.5617977528089888
4	0.9517045454545454	0.4444444444444444	0.8571428571428571	0.9556213017751479	0.5853658536585366
5	0.9644886363636364	0.5333333333333333	0.8571428571428571	0.9689349112426036	0.6575342465753424
