accuracy	precision	recall	specificity	f1_score
0.9644886363636364	0.5333333333333333	0.8571428571428571	0.9689349112426036	0.6575342465753424
