accuracy	precision	recall	specificity	f1_score
0.9517045454545454	0.4444444444444444	0.8571428571428571	0.9556213017751479	0.5853658536585366
