accuracy	precision	recall	specificity	f1_score
0.9176136363636364	0.3076923076923077	0.8571428571428571	0.9201183431952663	0.4528301886792453
