accuracy	precision	recall	specificity	f1_score
0.9431818181818182	0.39655172413793105	0.8214285714285714	0.9482248520710059	0.5348837209302325
