accuracy	precision	recall	specificity	f1_score
0.9275568181818182	0.3333333333333333	0.8214285714285714	0.9319526627218935	0.4742268041237113
