threshold	accuracy	precision	recall	specificity	f1_score
3	0.9176136363636364	0.3076923076923077	0.8571428571428571	0.9201183431952663	0.4528301886792453
4	0.9275568181818182	0.3333333333333333	0.8214285714285714	0.9319526627218935	0.4742268041237113
5	0.9431818181818182	0.39655172413793105	0.8214285714285714	0.9482248520710059	0.5348837209302325
