accuracy	precision	recall	specificity	f1_score
0.9017094017094017	0.3870967741935484	0.75	0.9128440366972477	0.5106382978723404
