accuracy	precision	recall	specificity	f1_score
0.9145299145299145	0.4230769230769231	0.6875	0.9311926605504587	0.5238095238095238
