threshold	accuracy	precision	recall	specificity	f1_score
3	0.9017094017094017	0.3870967741935484	0.75	0.9128440366972477	0.5106382978723404
4	0.9145299145299145	0.4230769230769231	0.6875	0.9311926605504587	0.5238095238095238
5	0.9188034188034188	0.43478260869565216	0.625	0.9403669724770642	0.5128205128205128
