threshold	accuracy	precision	recall	specificity	f1_score
3	0.8622159090909091	0.21008403361344538	0.8928571428571429	0.8609467455621301	0.3401360544217687
4	0.9133522727272727	0.2857142857142857	0.7857142857142857	0.9186390532544378	0.41904761904761906
5	0.9474431818181818	0.40425531914893614	0.6785714285714286	0.9585798816568047	0.5066666666666667
