accuracy	precision	recall	specificity	f1_score
0.8622159090909091	0.21008403361344538	0.8928571428571429	0.8609467455621301	0.3401360544217687
