accuracy	precision	recall	specificity	f1_score
0.9133522727272727	0.2857142857142857	0.7857142857142857	0.9186390532544378	0.41904761904761906
