accuracy	precision	recall	specificity	f1_score
0.9474431818181818	0.40425531914893614	0.6785714285714286	0.9585798816568047	0.5066666666666667
