accuracy	precision	recall	specificity	f1_score
0.8931623931623932	0.37142857142857144	0.8125	0.8990825688073395	0.5098039215686274
