accuracy	precision	recall	specificity	f1_score
0.9358974358974359	0.52	0.8125	0.944954128440367	0.6341463414634146
