accuracy	precision	recall	specificity	f1_score
0.9102564102564102	0.41935483870967744	0.8125	0.9174311926605505	0.5531914893617021
