threshold	accuracy	precision	recall	specificity	f1_score
3	0.8931623931623932	0.37142857142857144	0.8125	0.8990825688073395	0.5098039215686274
4	0.9102564102564102	0.41935483870967744	0.8125	0.9174311926605505	0.5531914893617021
5	0.9358974358974359	0.52	0.8125	0.944954128440367	0.6341463414634146
