accuracy	precision	recall	specificity	f1_score
0.9445628997867804	0.4230769230769231	0.5	0.9664429530201343	0.4583333333333333
