accuracy	precision	recall	specificity	f1_score
0.9275053304904051	0.34615384615384615	0.6136363636363636	0.9429530201342282	0.4426229508196721
