threshold	accuracy	precision	recall	specificity	f1_score
3	0.9275053304904051	0.34615384615384615	0.6136363636363636	0.9429530201342282	0.4426229508196721
4	0.9445628997867804	0.4230769230769231	0.5	0.9664429530201343	0.4583333333333333
5	0.9584221748400853	0.5925925925925926	0.36363636363636365	0.9876957494407159	0.4507042253521127
