accuracy	precision	recall	specificity	f1_score
0.9584221748400853	0.5925925925925926	0.36363636363636365	0.9876957494407159	0.4507042253521127
