threshold	accuracy	precision	recall	specificity	f1_score
3	0.8283582089552238	0.208955223880597	0.9545454545454546	0.8221476510067114	0.34285714285714286
4	0.8869936034115139	0.27205882352941174	0.8409090909090909	0.889261744966443	0.4111111111111111
5	0.9317697228144989	0.3780487804878049	0.7045454545454546	0.9429530201342282	0.49206349206349204
