accuracy	precision	recall	specificity	f1_score
0.9317697228144989	0.3780487804878049	0.7045454545454546	0.9429530201342282	0.49206349206349204
