accuracy	precision	recall	specificity	f1_score
0.8869936034115139	0.27205882352941174	0.8409090909090909	0.889261744966443	0.4111111111111111
