accuracy	precision	recall	specificity	f1_score
0.8283582089552238	0.208955223880597	0.9545454545454546	0.8221476510067114	0.34285714285714286
