accuracy	precision	recall	specificity	f1_score
0.7698863636363636	0.13978494623655913	0.9285714285714286	0.7633136094674556	0.24299065420560748
