threshold	accuracy	precision	recall	specificity	f1_score
3	0.7698863636363636	0.13978494623655913	0.9285714285714286	0.7633136094674556	0.24299065420560748
4	0.84375	0.18461538461538463	0.8571428571428571	0.8431952662721893	0.3037974683544304
5	0.8963068181818182	0.25274725274725274	0.8214285714285714	0.8994082840236687	0.3865546218487395
