accuracy	precision	recall	specificity	f1_score
0.84375	0.18461538461538463	0.8571428571428571	0.8431952662721893	0.3037974683544304
