accuracy	precision	recall	specificity	f1_score
0.8963068181818182	0.25274725274725274	0.8214285714285714	0.8994082840236687	0.3865546218487395
