threshold	accuracy	precision	recall	specificity	f1_score
3	0.7222222222222222	0.18181818181818182	0.875	0.7110091743119266	0.3010752688172043
4	0.7991452991452992	0.21818181818181817	0.75	0.8027522935779816	0.3380281690140845
5	0.8717948717948718	0.29411764705882354	0.625	0.8899082568807339	0.4
