accuracy	precision	recall	specificity	f1_score
0.8717948717948718	0.29411764705882354	0.625	0.8899082568807339	0.4
