accuracy	precision	recall	specificity	f1_score
0.7222222222222222	0.18181818181818182	0.875	0.7110091743119266	0.3010752688172043
