accuracy	precision	recall	specificity	f1_score
0.7991452991452992	0.21818181818181817	0.75	0.8027522935779816	0.3380281690140845
