accuracy	precision	recall	specificity	f1_score
0.8846153846153846	0.34285714285714286	0.75	0.8944954128440367	0.47058823529411764
