accuracy	precision	recall	specificity	f1_score
0.9188034188034188	0.44	0.6875	0.9357798165137615	0.5365853658536586
