accuracy	precision	recall	specificity	f1_score
0.8974358974358975	0.36666666666666664	0.6875	0.9128440366972477	0.4782608695652174
