threshold	accuracy	precision	recall	specificity	f1_score
3	0.8846153846153846	0.34285714285714286	0.75	0.8944954128440367	0.47058823529411764
4	0.8974358974358975	0.36666666666666664	0.6875	0.9128440366972477	0.4782608695652174
5	0.9188034188034188	0.44	0.6875	0.9357798165137615	0.5365853658536586
