threshold	accuracy	precision	recall	specificity	f1_score
3	0.9090909090909091	0.3	0.9642857142857143	0.9068047337278107	0.4576271186440678
4	0.9247159090909091	0.33766233766233766	0.9285714285714286	0.9245562130177515	0.49523809523809526
5	0.9474431818181818	0.423728813559322	0.8928571428571429	0.9497041420118343	0.5747126436781609
