accuracy	precision	recall	specificity	f1_score
0.9474431818181818	0.423728813559322	0.8928571428571429	0.9497041420118343	0.5747126436781609
