accuracy	precision	recall	specificity	f1_score
0.9090909090909091	0.3	0.9642857142857143	0.9068047337278107	0.4576271186440678
