accuracy	precision	recall	specificity	f1_score
0.8650568181818182	0.22764227642276422	1.0	0.8594674556213018	0.3708609271523179
