threshold	accuracy	precision	recall	specificity	f1_score
3	0.8650568181818182	0.22764227642276422	1.0	0.8594674556213018	0.3708609271523179
4	0.8991477272727273	0.2736842105263158	0.9285714285714286	0.8979289940828402	0.42276422764227645
5	0.9247159090909091	0.33766233766233766	0.9285714285714286	0.9245562130177515	0.49523809523809526
