accuracy	precision	recall	specificity	f1_score
0.9247159090909091	0.33766233766233766	0.9285714285714286	0.9245562130177515	0.49523809523809526
