accuracy	precision	recall	specificity	f1_score
0.8991477272727273	0.2736842105263158	0.9285714285714286	0.8979289940828402	0.42276422764227645
