threshold	accuracy	precision	recall	specificity	f1_score
3	0.9147121535181236	0.32	0.7272727272727273	0.9239373601789709	0.4444444444444444
4	0.9392324093816631	0.410958904109589	0.6818181818181818	0.9519015659955258	0.5128205128205128
5	0.9552238805970149	0.5208333333333334	0.5681818181818182	0.9742729306487695	0.5434782608695652
