accuracy	precision	recall	specificity	f1_score
0.9147121535181236	0.32	0.7272727272727273	0.9239373601789709	0.4444444444444444
