accuracy	precision	recall	specificity	f1_score
0.9552238805970149	0.5208333333333334	0.5681818181818182	0.9742729306487695	0.5434782608695652
