accuracy	precision	recall	specificity	f1_score
0.9392324093816631	0.410958904109589	0.6818181818181818	0.9519015659955258	0.5128205128205128
