threshold	accuracy	precision	recall	specificity	f1_score
3	0.8486140724946695	0.22777777777777777	0.9318181818181818	0.8445190156599552	0.36607142857142855
4	0.8752665245202559	0.2645161290322581	0.9318181818181818	0.87248322147651	0.4120603015075377
5	0.9136460554371002	0.3418803418803419	0.9090909090909091	0.9138702460850112	0.4968944099378882
