accuracy	precision	recall	specificity	f1_score
0.9136460554371002	0.3418803418803419	0.9090909090909091	0.9138702460850112	0.4968944099378882
