accuracy	precision	recall	specificity	f1_score
0.8752665245202559	0.2645161290322581	0.9318181818181818	0.87248322147651	0.4120603015075377
