accuracy	precision	recall	specificity	f1_score
0.8486140724946695	0.22777777777777777	0.9318181818181818	0.8445190156599552	0.36607142857142855
