accuracy	precision	recall	specificity	f1_score
0.9189765458422174	0.3431372549019608	0.7954545454545454	0.9250559284116331	0.4794520547945205
