accuracy	precision	recall	specificity	f1_score
0.906183368869936	0.3135593220338983	0.8409090909090909	0.9093959731543624	0.4567901234567901
