threshold	accuracy	precision	recall	specificity	f1_score
3	0.906183368869936	0.3135593220338983	0.8409090909090909	0.9093959731543624	0.4567901234567901
4	0.9189765458422174	0.3431372549019608	0.7954545454545454	0.9250559284116331	0.4794520547945205
5	0.9275053304904051	0.3695652173913043	0.7727272727272727	0.9351230425055929	0.5
