accuracy	precision	recall	specificity	f1_score
0.9275053304904051	0.3695652173913043	0.7727272727272727	0.9351230425055929	0.5
