accuracy	precision	recall	specificity	f1_score
0.82409381663113	0.19597989949748743	0.8863636363636364	0.8210290827740492	0.32098765432098764
