accuracy	precision	recall	specificity	f1_score
0.8869936034115139	0.26515151515151514	0.7954545454545454	0.8914988814317674	0.3977272727272727
