threshold	accuracy	precision	recall	specificity	f1_score
3	0.7654584221748401	0.15625	0.9090909090909091	0.7583892617449665	0.26666666666666666
4	0.82409381663113	0.19597989949748743	0.8863636363636364	0.8210290827740492	0.32098765432098764
5	0.8869936034115139	0.26515151515151514	0.7954545454545454	0.8914988814317674	0.3977272727272727
