accuracy	precision	recall	specificity	f1_score
0.7654584221748401	0.15625	0.9090909090909091	0.7583892617449665	0.26666666666666666
